www.priceme.co.nz//2227,www.shopbot.com.au//284,0
www.shopbot.com.au//352,www.priceme.co.nz//2227,1
www.shopbot.com.au//284,www.shopbot.com.au//352,0
www.priceme.co.nz//1675,www.shopbot.com.au//331,0
www.shopbot.com.au//352,www.priceme.co.nz//2227,1
www.shopbot.com.au//352,www.priceme.co.nz//2227,1
www.shopbot.com.au//352,www.priceme.co.nz//2227,1
www.priceme.co.nz//1675,www.shopbot.com.au//331,0
www.priceme.co.nz//1675,www.shopbot.com.au//331,0
www.priceme.co.nz//1675,www.shopbot.com.au//331,0
www.priceme.co.nz//1675,www.shopbot.com.au//331,0
www.shopbot.com.au//352,www.priceme.co.nz//2227,1
www.shopbot.com.au//352,www.priceme.co.nz//2227,1
www.shopbot.com.au//352,www.priceme.co.nz//2227,1
www.shopbot.com.au//352,www.priceme.co.nz//2227,1
www.shopbot.com.au//352,www.priceme.co.nz//2227,1
www.shopbot.com.au//352,www.priceme.co.nz//2227,1
www.shopbot.com.au//352,www.priceme.co.nz//2227,1
www.shopbot.com.au//352,www.priceme.co.nz//2227,1
www.priceme.co.nz//1675,www.shopbot.com.au//331,0
www.priceme.co.nz//1675,www.shopbot.com.au//331,0
www.priceme.co.nz//1675,www.shopbot.com.au//331,0
www.priceme.co.nz//1675,www.shopbot.com.au//331,0
www.priceme.co.nz//1675,www.shopbot.com.au//331,0
www.shopbot.com.au//352,www.priceme.co.nz//2227,1
www.shopbot.com.au//352,www.priceme.co.nz//2227,1
www.shopbot.com.au//352,www.priceme.co.nz//2227,1
www.shopbot.com.au//352,www.priceme.co.nz//2227,1
www.priceme.co.nz//1675,www.shopbot.com.au//331,0
www.priceme.co.nz//1675,www.shopbot.com.au//331,0
www.priceme.co.nz//1675,www.shopbot.com.au//331,0
www.priceme.co.nz//1675,www.shopbot.com.au//331,0
www.shopbot.com.au//352,www.priceme.co.nz//2227,1
www.shopbot.com.au//352,www.priceme.co.nz//2227,1
www.shopbot.com.au//352,www.priceme.co.nz//2227,1
www.priceme.co.nz//1675,www.shopbot.com.au//331,0
www.priceme.co.nz//1675,www.shopbot.com.au//331,0
www.priceme.co.nz//1675,www.shopbot.com.au//331,0
www.shopbot.com.au//352,www.priceme.co.nz//2227,1
www.shopbot.com.au//352,www.priceme.co.nz//2227,1
www.shopbot.com.au//352,www.priceme.co.nz//2227,1
www.shopbot.com.au//352,www.priceme.co.nz//2227,1
www.shopbot.com.au//352,www.priceme.co.nz//2227,1
www.priceme.co.nz//1675,www.shopbot.com.au//331,0
www.priceme.co.nz//1675,www.shopbot.com.au//331,0


